alpha_deg,block,TI_s,variant,target,ksp_relerr,img_relerr
90.0,1,0.05,cached,koma_water0,0.00011524856487226541,0.00012726774193480117
90.0,1,0.05,cached,koma_water5,0.10350164542588587,0.029938112741466075
90.0,1,0.05,koma_water0,koma_water5,0.1034874993154409,0.029910909835871233
90.0,1,0.05,water_cached,water0,0.00011148573066796594,0.00013580628048092083
90.0,1,0.05,water0,water5,0.0998226701577449,0.03265086141049918
90.0,2,0.1,cached,koma_water0,9.367274385097291e-9,4.457371231693893e-8
90.0,2,0.1,cached,koma_water5,0.09359435618022341,0.030069183364636806
90.0,2,0.1,koma_water0,koma_water5,0.09359436300580863,0.03006918532240907
90.0,2,0.1,water_cached,water0,9.520265657269577e-9,3.991758908081325e-8
90.0,2,0.1,water0,water5,0.0998542821802597,0.03256277466208933
90.0,3,0.2,cached,koma_water0,0.00021005713952074336,0.0002908343919349612
90.0,3,0.2,cached,koma_water5,0.08384750540371153,0.030461339372304188
90.0,3,0.2,koma_water0,koma_water5,0.08386362877559315,0.03053463410080396
90.0,3,0.2,water_cached,water0,0.00024906458784062135,0.00030376210056699165
90.0,3,0.2,water0,water5,0.09992100425122384,0.032485464244406306
90.0,4,0.4,cached,koma_water0,0.0006525422981718375,0.0010308168757116474
90.0,4,0.4,cached,koma_water5,0.07330521743066594,0.030256935288252216
90.0,4,0.4,koma_water0,koma_water5,0.07332363890248136,0.03049572882857424
90.0,4,0.4,water_cached,water0,0.0008843210090875348,0.0010799481148030916
90.0,4,0.4,water0,water5,0.1004190628134962,0.03284279435442182
90.0,5,0.7,cached,koma_water0,0.0014705765885393673,0.0027315453624016956
90.0,5,0.7,cached,koma_water5,0.06041034564715928,0.029375174454315183
90.0,5,0.7,koma_water0,koma_water5,0.06043947213442684,0.030164731833470924
90.0,5,0.7,water_cached,water0,0.002434981928925635,0.0029897837747121956
90.0,5,0.7,water0,water5,0.10162930255862555,0.03400188493156333
90.0,6,1.1,cached,koma_water0,0.0029958953399171003,0.007640242033591723
90.0,6,1.1,cached,koma_water5,0.03615303448525473,0.02557390422767333
90.0,6,1.1,koma_water0,koma_water5,0.03597485151848487,0.02789335317093964
90.0,6,1.1,water_cached,water0,0.008071890689352603,0.010025554118195695
90.0,6,1.1,water0,water5,0.09929515864713032,0.03693122484437217
90.0,7,1.6,cached,koma_water0,0.0050507634865499095,0.019118112578971964
90.0,7,1.6,cached,koma_water5,0.012512309628686935,0.014785040837094116
90.0,7,1.6,koma_water0,koma_water5,0.011008293556326694,0.01881556752950652
90.0,7,1.6,water_cached,water0,0.050130146737304655,0.058890228912705254
90.0,7,1.6,water0,water5,0.11275992809014797,0.0593742813222225
90.0,8,2.2,cached,koma_water0,0.006313945304401421,0.008834358989717864
90.0,8,2.2,cached,koma_water5,0.06273736912940593,0.02388439142443937
90.0,8,2.2,koma_water0,koma_water5,0.06062146331424494,0.022535463063701723
90.0,8,2.2,water_cached,water0,0.010200475977534531,0.011899642373881575
90.0,8,2.2,water0,water5,0.09923899360453056,0.031128142381785982
30.0,1,0.05,cached,koma_water0,0.00015142301216362406,9.168546581355547e-5
30.0,1,0.05,cached,koma_water5,0.0886925375641509,0.03559386833820633
30.0,1,0.05,koma_water0,koma_water5,0.0886916153293358,0.035587799874494806
30.0,1,0.05,water_cached,water0,0.00014520633618175997,9.685637606010682e-5
30.0,1,0.05,water0,water5,0.08498446841040083,0.0374699476549474
30.0,2,0.1,cached,koma_water0,1.2336775983468878e-8,5.610628948719393e-8
30.0,2,0.1,cached,koma_water5,0.0795972150106341,0.035074553527948124
30.0,2,0.1,koma_water0,koma_water5,0.0795972150106341,0.035074553527948124
30.0,2,0.1,water_cached,water0,1.3976337753912789e-8,8.043528940506601e-8
30.0,2,0.1,water0,water5,0.08322693157531007,0.036559303340609195
30.0,3,0.2,cached,koma_water0,0.0002815297256526075,0.0002096620803385105
30.0,3,0.2,cached,koma_water5,0.07233485490604581,0.03534738097012145
30.0,3,0.2,koma_water0,koma_water5,0.07229164581319854,0.03532666343789583
30.0,3,0.2,water_cached,water0,0.00032466052178859475,0.00021648783057439752
30.0,3,0.2,water0,water5,0.08324113813694725,0.03657900408666303
30.0,4,0.4,cached,koma_water0,0.0008853054851580717,0.0007424948712674923
30.0,4,0.4,cached,koma_water5,0.06428396834092165,0.0354610696827815
30.0,4,0.4,koma_water0,koma_water5,0.06413253688747006,0.035395837318348146
30.0,4,0.4,water_cached,water0,0.001153099897739871,0.0007711321529153099
30.0,4,0.4,water0,water5,0.08339146016643213,0.03672328280453027
30.0,5,0.7,cached,koma_water0,0.002031276081778599,0.001983697922841276
30.0,5,0.7,cached,koma_water5,0.0539404649411774,0.03441009173470494
30.0,5,0.7,koma_water0,koma_water5,0.05336006170698347,0.03409856274085796
30.0,5,0.7,water_cached,water0,0.0031771395811197108,0.002126014632974806
30.0,5,0.7,water0,water5,0.08326027921258433,0.036591865815097484
30.0,6,1.1,cached,koma_water0,0.0042751873500961,0.00570017013220292
30.0,6,1.1,cached,koma_water5,0.03689668660443834,0.030428787459728462
30.0,6,1.1,koma_water0,koma_water5,0.035209382076538676,0.029601861033575583
30.0,6,1.1,water_cached,water0,0.010539867904445877,0.0070976068523261
30.0,6,1.1,water0,water5,0.08635623091835216,0.03690306893079862
30.0,7,1.6,cached,koma_water0,0.007526509992495206,0.015851135354942585
30.0,7,1.6,cached,koma_water5,0.015655088571486703,0.019197754781943528
30.0,7,1.6,koma_water0,koma_water5,0.013742918824393024,0.013968989846509725
30.0,7,1.6,water_cached,water0,0.06607721363358,0.04406646944356057
30.0,7,1.6,water0,water5,0.12090718351199517,0.03922873438966082
30.0,8,2.2,cached,koma_water0,0.009427416408807418,0.006847540115784611
30.0,8,2.2,cached,koma_water5,0.058608773191539884,0.028154265933485474
30.0,8,2.2,koma_water0,koma_water5,0.057580538510965125,0.028325374061638257
30.0,8,2.2,water_cached,water0,0.013323109020977551,0.00881536995038432
30.0,8,2.2,water0,water5,0.0811913739764418,0.03654562967903149
17.0,1,0.05,cached,koma_water0,0.0017698263291495823,0.0014776812369323648
17.0,1,0.05,cached,koma_water5,0.10637040276343596,0.04204594307303516
17.0,1,0.05,koma_water0,koma_water5,0.1055960946861855,0.041588877301012336
17.0,1,0.05,water_cached,water0,0.0016987784806352288,0.0015559163799733918
17.0,1,0.05,water0,water5,0.10140830190675115,0.043925941614027325
17.0,2,0.1,cached,koma_water0,0.0015152656800388742,0.00142152432741133
17.0,2,0.1,cached,koma_water5,0.09270473506820548,0.03940323703150462
17.0,2,0.1,koma_water0,koma_water5,0.09250690361001919,0.03941535397428934
17.0,2,0.1,water_cached,water0,0.001585034558873616,0.0014818836542934066
17.0,2,0.1,water0,water5,0.09669719781070737,0.04125239251995322
17.0,3,0.2,cached,koma_water0,0.001403623568397763,0.0012981635779110675
17.0,3,0.2,cached,koma_water5,0.08484517423884491,0.0398556549951271
17.0,3,0.2,koma_water0,koma_water5,0.08466754613188399,0.039864549612600005
17.0,3,0.2,water_cached,water0,0.0016146135314535624,0.0013439549394004323
17.0,3,0.2,water0,water5,0.09715420065767959,0.04117209977739281
17.0,4,0.4,cached,koma_water0,0.0013675900849390893,0.0010717803431795757
17.0,4,0.4,cached,koma_water5,0.07580215129020867,0.039910399587619
17.0,4,0.4,koma_water0,koma_water5,0.07541953819120518,0.039808465769740044
17.0,4,0.4,water_cached,water0,0.0017734290252717797,0.0011090679163562496
17.0,4,0.4,water0,water5,0.09736396142461375,0.041400455575485474
17.0,5,0.7,cached,koma_water0,0.0018261114845271695,0.0013786736283870114
17.0,5,0.7,cached,koma_water5,0.06442050413097299,0.03851541774962242
17.0,5,0.7,koma_water0,koma_water5,0.06365180718917504,0.03822368350380231
17.0,5,0.7,water_cached,water0,0.002836902428928884,0.0014783201525023282
17.0,5,0.7,water0,water5,0.09817637189571218,0.041202874848258915
17.0,6,1.1,cached,koma_water0,0.00487037100372763,0.0054928841251643415
17.0,6,1.1,cached,koma_water5,0.04590028695391259,0.03465469816662617
17.0,6,1.1,koma_water0,koma_water5,0.043697934366319455,0.033610888876265524
17.0,6,1.1,water_cached,water0,0.011867813069081789,0.0068191776208756305
17.0,6,1.1,water0,water5,0.10495246021057268,0.04180377066240115
17.0,7,1.6,cached,koma_water0,0.009637229301789601,0.01838382981151096
17.0,7,1.6,cached,koma_water5,0.021764454531612076,0.02304498251723815
17.0,7,1.6,koma_water0,koma_water5,0.020902860930434107,0.018941066857647265
17.0,7,1.6,water_cached,water0,0.08253675794237675,0.05044104733109535
17.0,7,1.6,water0,water5,0.17789657249211213,0.05243849313615155
17.0,8,2.2,cached,koma_water0,0.012873123535222132,0.008679178426102314
17.0,8,2.2,cached,koma_water5,0.06804629639358065,0.03117506911125185
17.0,8,2.2,koma_water0,koma_water5,0.06808350394865317,0.031700334232885256
17.0,8,2.2,water_cached,water0,0.017899921199753033,0.011104851725137794
17.0,8,2.2,water0,water5,0.09418591108878054,0.040832708877379255
5.0,1,0.05,cached,koma_water0,0.00037353422147403916,0.00015499896328069636
5.0,1,0.05,cached,koma_water5,0.210721626487787,0.08409290672323814
5.0,1,0.05,koma_water0,koma_water5,0.2108381030446485,0.08405103769933184
5.0,1,0.05,water_cached,water0,0.00036451179583434453,0.0001644314081382694
5.0,1,0.05,water0,water5,0.20488084828538378,0.09048955070998115
5.0,2,0.1,cached,koma_water0,3.469121764644583e-9,2.9154683520183235e-8
5.0,2,0.1,cached,koma_water5,0.1813944098781347,0.058560658437131784
5.0,2,0.1,koma_water0,koma_water5,0.1813944098781347,0.058560658437131784
5.0,2,0.1,water_cached,water0,3.393338250577974e-9,3.1758233574057406e-8
5.0,2,0.1,water0,water5,0.1902546366746787,0.06292742937615241
5.0,3,0.2,cached,koma_water0,0.0007026829994114998,0.00035848133684104
5.0,3,0.2,cached,koma_water5,0.16802351334767748,0.05956683512000706
5.0,3,0.2,koma_water0,koma_water5,0.1676877805114178,0.05947193248170857
5.0,3,0.2,water_cached,water0,0.0008145013926171145,0.0003681627006274565
5.0,3,0.2,water0,water5,0.19127423279517963,0.06278144168682447
5.0,4,0.4,cached,koma_water0,0.0022207958445206784,0.001261852482861341
5.0,4,0.4,cached,koma_water5,0.15212503713803402,0.05924224477540029
5.0,4,0.4,koma_water0,koma_water5,0.1510946425091341,0.058925412263717634
5.0,4,0.4,water_cached,water0,0.0028938471440734977,0.0013102732808026507
5.0,4,0.4,water0,water5,0.19158581193573482,0.06326570295698027
5.0,5,0.7,cached,koma_water0,0.005109602231497705,0.0033619976669966812
5.0,5,0.7,cached,koma_water5,0.13672704136152714,0.05766716510789248
5.0,5,0.7,koma_water0,koma_water5,0.1341637811370258,0.056808274732826895
5.0,5,0.7,water_cached,water0,0.007969150263472119,0.0036317805464238287
5.0,5,0.7,water0,water5,0.20043866253489734,0.06409906113346267
5.0,6,1.1,cached,koma_water0,0.010783967029158167,0.009599954275159238
5.0,6,1.1,cached,koma_water5,0.1074875875713948,0.05716058352862314
5.0,6,1.1,koma_water0,koma_water5,0.10163051347691668,0.05490244689195054
5.0,6,1.1,water_cached,water0,0.026333420640453735,0.01223676096301029
5.0,6,1.1,water0,water5,0.2291241689880064,0.06941803153163996
5.0,7,1.6,cached,koma_water0,0.019054728654225087,0.02645350761940003
5.0,7,1.6,cached,koma_water5,0.05741420195002147,0.050526503267326814
5.0,7,1.6,koma_water0,koma_water5,0.06324730826530459,0.05324754900321314
5.0,7,1.6,water_cached,water0,0.15547092854428138,0.07531954345962784
5.0,7,1.6,water0,water5,0.4614611249080068,0.14714349982475472
5.0,8,2.2,cached,koma_water0,0.02397431977974277,0.011648459937002512
5.0,8,2.2,cached,koma_water5,0.12427789291701725,0.0431021098815869
5.0,8,2.2,koma_water0,koma_water5,0.1340577531445204,0.04581308958541887
5.0,8,2.2,water_cached,water0,0.03338512006510166,0.01477559733688302
5.0,8,2.2,water0,water5,0.18236127135394478,0.059721582542403145
