alpha_deg,variant,label,T1_true_s,T1_fit_s,mape_vs_true_pct,rel_vs_truth_pct
90.0,koma_water5,T1_1,1.879,1.814252529523045,3.445847284563867,6.628362585198776
90.0,koma_water5,T1_2,1.432,1.3948316960568534,2.5955519513370473,0.0
90.0,koma_water5,T1_3,1.027,0.9456708423778544,7.9191000605789235,2.26015222560605
90.0,koma_water5,T1_4,0.7513,0.6866623174826387,8.60344503092789,1.1365346680615582
90.0,koma_water5,T1_5,0.527,0.49292660617579204,6.465539625086904,3.4886001737930057
90.0,koma_water5,T1_6,0.3841,0.33419538730765835,12.99260939660027,17.66033503824305
90.0,koma_water5,T1_7,0.2723,0.24827443896406343,8.823195385948058,1.149600273716491
90.0,koma_water5,T1_8,0.1945,0.166412532327447,14.440857415194353,2.260152225606066
90.0,koma_water5,T1_9,0.1378,0.11810299302121237,14.293909273430797,2.2601522256060775
90.0,koma_water5,T1_10,0.0947,0.0847812761046428,10.47383727070455,3.488600173793051
90.0,koma_water5,T1_11,0.067,0.05618104311812582,16.14769683861818,2.2601522256060327
90.0,koma_water5,T1_12,0.04814,0.039871692657429056,17.175544957563243,3.3709994800726726
90.0,koma_water5,T1_13,0.03435,0.02703229162986053,21.303372256592347,2.2601522256060886
90.0,koma_water5,T1_14,0.02416,0.015617181700541598,35.35934726597021,7.689563614554737
90.0,koma_water0,T1_1,1.879,1.9430445687305153,3.408438995769843,0.0
90.0,koma_water0,T1_2,1.432,1.3948316960568534,2.5955519513370473,0.0
90.0,koma_water0,T1_3,1.027,0.9675386896045512,5.7898062702481665,0.0
90.0,koma_water0,T1_4,0.7513,0.694556189363927,7.552749984836008,0.0
90.0,koma_water0,T1_5,0.527,0.4763100528444664,9.618585798013966,0.0
90.0,koma_water0,T1_6,0.3841,0.40587411603250634,5.6688664494939704,0.0
90.0,koma_water0,T1_7,0.2723,0.24545271389330148,9.859451379617521,0.0
90.0,koma_water0,T1_8,0.1945,0.17026068294229946,12.462373808586399,0.0
90.0,koma_water0,T1_9,0.1378,0.12083402594796472,12.312027613958843,0.0
90.0,koma_water0,T1_10,0.0947,0.08192329972795631,13.491763750838114,0.0
90.0,koma_water0,T1_11,0.067,0.05748018274778224,14.208682465996667,0.0
90.0,koma_water0,T1_12,0.04814,0.04126265659677036,14.286130875009647,0.0
90.0,koma_water0,T1_13,0.03435,0.02765739076272892,19.483578565563555,0.0
90.0,koma_water0,T1_14,0.02416,0.016918110575635827,29.97470788230204,0.0
90.0,cached,T1_1,1.879,1.920961193591006,2.2331662368816407,1.1365346680615485
90.0,cached,T1_2,1.432,1.3789789502700562,3.7025872716441137,1.1365346680615598
90.0,cached,T1_3,1.027,0.9675386896045512,5.7898062702481665,0.0
90.0,cached,T1_4,0.7513,0.694556189363927,7.552749984836008,0.0
90.0,cached,T1_5,0.527,0.4763100528444664,9.618585798013966,0.0
90.0,cached,T1_6,0.3841,0.40587411603250634,5.6688664494939704,0.0
90.0,cached,T1_7,0.2723,0.24545271389330148,9.859451379617521,0.0
90.0,cached,T1_8,0.1945,0.17026068294229946,12.462373808586399,0.0
90.0,cached,T1_9,0.1378,0.12083402594796472,12.312027613958843,0.0
90.0,cached,T1_10,0.0947,0.08192329972795631,13.491763750838114,0.0
90.0,cached,T1_11,0.067,0.05748018274778224,14.208682465996667,0.0
90.0,cached,T1_12,0.04814,0.04126265659677036,14.286130875009647,0.0
90.0,cached,T1_13,0.03435,0.02765739076272892,19.483578565563555,0.0
90.0,cached,T1_14,0.02416,0.017112601221120995,29.169696932446215,1.1496002737164865
30.0,koma_water5,T1_1,1.879,1.814252529523045,3.445847284563867,0.0
30.0,koma_water5,T1_2,1.432,1.3789789502700562,3.7025872716441137,0.0
30.0,koma_water5,T1_3,1.027,0.9349229654084803,8.965631411053517,2.2601522256060513
30.0,koma_water5,T1_4,0.7513,0.6788581621919336,9.642198563565334,1.1365346680615573
30.0,koma_water5,T1_5,0.527,0.4817857145157055,8.57956081295911,4.678305404656297
30.0,koma_water5,T1_6,0.3841,0.3229296625390904,15.925628081465662,3.370999480072657
30.0,koma_water5,T1_7,0.2723,0.24545271389330148,9.859451379617521,2.312416355326243
30.0,koma_water5,T1_8,0.1945,0.16080276672791305,17.325055666882754,3.3709994800726326
30.0,koma_water5,T1_9,0.1378,0.11412174174051708,17.183061146214026,3.3709994800726366
30.0,koma_water5,T1_10,0.0947,0.08286509020586648,12.49726483013044,5.8816874901099485
30.0,koma_water5,T1_11,0.067,0.05428718044671442,18.974357542217287,6.628362585198761
30.0,koma_water5,T1_12,0.04814,0.03897053170844537,19.047503721550964,7.689563614554737
30.0,koma_water5,T1_13,0.03435,0.026121033219566214,23.956235168657305,7.689563614554729
30.0,koma_water5,T1_14,0.02416,0.013307738897747253,44.91829926429117,26.55412874764218
30.0,koma_water0,T1_1,1.879,1.814252529523045,3.445847284563867,0.0
30.0,koma_water0,T1_2,1.432,1.3789789502700562,3.7025872716441137,0.0
30.0,koma_water0,T1_3,1.027,0.956542276970287,6.86053778283475,0.0
30.0,koma_water0,T1_4,0.7513,0.6866623174826387,8.60344503092789,0.0
30.0,koma_water0,T1_5,0.527,0.4602536434395457,12.665342800845217,0.0
30.0,koma_water0,T1_6,0.3841,0.33419538730765835,12.99260939660027,0.0
30.0,koma_water0,T1_7,0.2723,0.23990510891743155,11.896764995434607,0.0
30.0,koma_water0,T1_8,0.1945,0.166412532327447,14.440857415194353,0.0
30.0,koma_water0,T1_9,0.1378,0.11810299302121237,14.293909273430797,0.0
30.0,koma_water0,T1_10,0.0947,0.07826196594534501,17.358008505443497,0.0
30.0,koma_water0,T1_11,0.067,0.05814097508598348,13.222425244800778,0.0
30.0,koma_water0,T1_12,0.04814,0.04221682101655617,12.30406934658046,0.0
30.0,koma_water0,T1_13,0.03435,0.028296944790182747,17.621703667590253,0.0
30.0,koma_water0,T1_14,0.02416,0.018119110946376086,25.00367985771488,0.0
30.0,cached,T1_1,1.879,1.814252529523045,3.445847284563867,0.0
30.0,cached,T1_2,1.432,1.3789789502700562,3.7025872716441137,0.0
30.0,cached,T1_3,1.027,0.956542276970287,6.86053778283475,0.0
30.0,cached,T1_4,0.7513,0.6866623174826387,8.60344503092789,0.0
30.0,cached,T1_5,0.527,0.4602536434395457,12.665342800845217,0.0
30.0,cached,T1_6,0.3841,0.33419538730765835,12.99260939660027,0.0
30.0,cached,T1_7,0.2723,0.23990510891743155,11.896764995434607,0.0
30.0,cached,T1_8,0.1945,0.166412532327447,14.440857415194353,0.0
30.0,cached,T1_9,0.1378,0.11810299302121237,14.293909273430797,0.0
30.0,cached,T1_10,0.0947,0.07826196594534501,17.358008505443497,0.0
30.0,cached,T1_11,0.067,0.05814097508598348,13.222425244800778,0.0
30.0,cached,T1_12,0.04814,0.04221682101655617,12.30406934658046,0.0
30.0,cached,T1_13,0.03435,0.028296944790182747,17.621703667590253,0.0
30.0,cached,T1_14,0.02416,0.018119110946376086,25.00367985771488,0.0
17.0,koma_water5,T1_1,1.879,1.83510918156835,2.335860480662586,1.149600273716479
17.0,koma_water5,T1_2,1.432,1.3789789502700562,3.7025872716441137,0.0
17.0,koma_water5,T1_3,1.027,0.9349229654084803,8.965631411053517,2.2601522256060513
17.0,koma_water5,T1_4,0.7513,0.6788581621919336,9.642198563565334,1.1365346680615573
17.0,koma_water5,T1_5,0.527,0.4817857145157055,8.57956081295911,4.678305404656297
17.0,koma_water5,T1_6,0.3841,0.3303971408718442,13.981478554583655,1.1496002737164694
17.0,koma_water5,T1_7,0.2723,0.24545271389330148,9.859451379617521,2.312416355326243
17.0,koma_water5,T1_8,0.1945,0.16080276672791305,17.325055666882754,3.3709994800726326
17.0,koma_water5,T1_9,0.1378,0.11412174174051708,17.183061146214026,3.3709994800726366
17.0,koma_water5,T1_10,0.0947,0.08286509020586648,12.49726483013044,5.8816874901099485
17.0,koma_water5,T1_11,0.067,0.05428718044671442,18.974357542217287,7.689563614554724
17.0,koma_water5,T1_12,0.04814,0.03897053170844537,19.047503721550964,8.738703726314244
17.0,koma_water5,T1_13,0.03435,0.025824158621369966,24.820498918864725,8.738703726314233
17.0,koma_water5,T1_14,0.02416,0.012859135088694774,46.77510310970706,29.029988685693947
17.0,koma_water0,T1_1,1.879,1.814252529523045,3.445847284563867,0.0
17.0,koma_water0,T1_2,1.432,1.3789789502700562,3.7025872716441137,0.0
17.0,koma_water0,T1_3,1.027,0.956542276970287,6.86053778283475,0.0
17.0,koma_water0,T1_4,0.7513,0.6866623174826387,8.60344503092789,0.0
17.0,koma_water0,T1_5,0.527,0.4602536434395457,12.665342800845217,0.0
17.0,koma_water0,T1_6,0.3841,0.3266420628235515,14.95910887176477,0.0
17.0,koma_water0,T1_7,0.2723,0.23990510891743155,11.896764995434607,0.0
17.0,koma_water0,T1_8,0.1945,0.166412532327447,14.440857415194353,0.0
17.0,koma_water0,T1_9,0.1378,0.11810299302121237,14.293909273430797,0.0
17.0,koma_water0,T1_10,0.0947,0.07826196594534501,17.358008505443497,0.0
17.0,koma_water0,T1_11,0.067,0.05880936389471338,12.224830007890478,0.0
17.0,koma_water0,T1_12,0.04814,0.0427021457065169,11.295916687750529,0.0
17.0,koma_water0,T1_13,0.03435,0.028296944790182747,17.621703667590253,0.0
17.0,koma_water0,T1_14,0.02416,0.018119110946376086,25.00367985771488,0.0
17.0,cached,T1_1,1.879,1.814252529523045,3.445847284563867,0.0
17.0,cached,T1_2,1.432,1.3789789502700562,3.7025872716441137,0.0
17.0,cached,T1_3,1.027,0.9456708423778544,7.9191000605789235,1.136534668061553
17.0,cached,T1_4,0.7513,0.6866623174826387,8.60344503092789,0.0
17.0,cached,T1_5,0.527,0.4602536434395457,12.665342800845217,0.0
17.0,cached,T1_6,0.3841,0.3266420628235515,14.95910887176477,0.0
17.0,cached,T1_7,0.2723,0.23990510891743155,11.896764995434607,0.0
17.0,cached,T1_8,0.1945,0.166412532327447,14.440857415194353,0.0
17.0,cached,T1_9,0.1378,0.11810299302121237,14.293909273430797,0.0
17.0,cached,T1_10,0.0947,0.07826196594534501,17.358008505443497,0.0
17.0,cached,T1_11,0.067,0.05880936389471338,12.224830007890478,0.0
17.0,cached,T1_12,0.04814,0.0427021457065169,11.295916687750529,0.0
17.0,cached,T1_13,0.03435,0.028296944790182747,17.621703667590253,0.0
17.0,cached,T1_14,0.02416,0.018327408295410613,24.141521956081906,1.1496002737164495
5.0,koma_water5,T1_1,1.879,2.0809794307221874,10.749304455677882,13.39812647788661
5.0,koma_water5,T1_2,1.432,1.3948316960568534,2.5955519513370473,1.1496002737164783
5.0,koma_water5,T1_3,1.027,0.9456708423778544,7.9191000605789235,1.136534668061553
5.0,koma_water5,T1_4,0.7513,0.6866623174826387,8.60344503092789,0.0
5.0,koma_water5,T1_5,0.527,0.4873243244085049,7.528591193832086,4.678305404656296
5.0,koma_water5,T1_6,0.3841,0.010000000000000004,97.39651132517574,96.93854492787663
5.0,koma_water5,T1_7,0.2723,0.24827443896406343,8.823195385948058,2.3124163553262544
5.0,koma_water5,T1_8,0.1945,0.16265135577436082,16.374624280534285,3.370999480072639
5.0,koma_water5,T1_9,0.1378,0.11543368559593609,16.230997390467287,3.370999480072635
5.0,koma_water5,T1_10,0.0947,0.08286509020586648,12.49726483013044,4.678305404656289
5.0,koma_water5,T1_11,0.067,0.05428718044671442,18.974357542217287,7.689563614554724
5.0,koma_water5,T1_12,0.04814,0.03941853704763443,18.11687360275358,8.738703726314204
5.0,koma_water5,T1_13,0.03435,0.025530658105902895,25.67494001192752,10.801347945160865
5.0,koma_water5,T1_14,0.02416,0.011602036330119483,51.978326448180944,36.69570654447218
5.0,koma_water0,T1_1,1.879,1.83510918156835,2.335860480662586,0.0
5.0,koma_water0,T1_2,1.432,1.3789789502700562,3.7025872716441137,0.0
5.0,koma_water0,T1_3,1.027,0.956542276970287,6.86053778283475,0.0
5.0,koma_water0,T1_4,0.7513,0.6866623174826387,8.60344503092789,0.0
5.0,koma_water0,T1_5,0.527,0.4655447205843168,11.66134334263439,0.0
5.0,koma_water0,T1_6,0.3841,0.3266420628235515,14.95910887176477,0.0
5.0,koma_water0,T1_7,0.2723,0.24266305870620616,10.88392996466905,0.0
5.0,koma_water0,T1_8,0.1945,0.16832561125458187,13.457269277849942,0.0
5.0,koma_water0,T1_9,0.1378,0.11946070535225159,13.308631819846456,0.0
5.0,koma_water0,T1_10,0.0947,0.07916166572006857,16.407955945017356,0.0
5.0,koma_water0,T1_11,0.067,0.05880936389471338,12.224830007890478,0.0
5.0,koma_water0,T1_12,0.04814,0.04319304969044181,10.276174303195242,0.0
5.0,koma_water0,T1_13,0.03435,0.02862224654494409,16.674682547469892,0.0
5.0,koma_water0,T1_14,0.02416,0.018327408295410613,24.141521956081906,0.0
5.0,cached,T1_1,1.879,1.83510918156835,2.335860480662586,0.0
5.0,cached,T1_2,1.432,1.3789789502700562,3.7025872716441137,0.0
5.0,cached,T1_3,1.027,0.956542276970287,6.86053778283475,0.0
5.0,cached,T1_4,0.7513,0.6866623174826387,8.60344503092789,0.0
5.0,cached,T1_5,0.527,0.4655447205843168,11.66134334263439,0.0
5.0,cached,T1_6,0.3841,0.3266420628235515,14.95910887176477,0.0
5.0,cached,T1_7,0.2723,0.24266305870620616,10.88392996466905,0.0
5.0,cached,T1_8,0.1945,0.16832561125458187,13.457269277849942,0.0
5.0,cached,T1_9,0.1378,0.11946070535225159,13.308631819846456,0.0
5.0,cached,T1_10,0.0947,0.07916166572006857,16.407955945017356,0.0
5.0,cached,T1_11,0.067,0.05880936389471338,12.224830007890478,0.0
5.0,cached,T1_12,0.04814,0.04319304969044181,10.276174303195242,0.0
5.0,cached,T1_13,0.03435,0.02862224654494409,16.674682547469892,0.0
5.0,cached,T1_14,0.02416,0.018538100231339793,23.269452684851856,1.1496002737164968
