shot,sim_time_s,L0_none,L1_readout,L2_prewinder,L3_pe
1,2,0.462951,0.462951,0.462931,0.462237
2,4,0.330351,0.330376,0.330341,0.32973
3,6,0.329202,0.329357,0.329225,0.330276
4,8,0.329531,0.32965,0.329545,0.330107
5,10,0.329534,0.329651,0.329547,0.330086
6,12,0.329533,0.32965,0.329546,0.330068
7,14,0.329533,0.329651,0.329546,0.330051
8,16,0.329533,0.329651,0.329546,0.330033
9,18,0.329533,0.329651,0.329546,0.330015
10,20,0.329533,0.329651,0.329546,0.329997
11,22,0.329533,0.329651,0.329546,0.329979
12,24,0.329533,0.329651,0.329546,0.329961
13,26,0.329533,0.329651,0.329546,0.329943
14,28,0.329533,0.329651,0.329546,0.329925
15,30,0.329533,0.329651,0.329546,0.329906
16,32,0.329533,0.329651,0.329546,0.329888
17,34,0.329533,0.329651,0.329546,0.32987
18,36,0.329533,0.329651,0.329546,0.329851
19,38,0.329533,0.329651,0.329546,0.329833
20,40,0.329533,0.329651,0.329546,0.329816
21,42,0.329533,0.329651,0.329546,0.329798
22,44,0.329533,0.329651,0.329546,0.32978
23,46,0.329533,0.329651,0.329546,0.329763
24,48,0.329533,0.329651,0.329546,0.329746
25,50,0.329533,0.329651,0.329546,0.329728
26,52,0.329533,0.329651,0.329546,0.329712
27,54,0.329533,0.329651,0.329546,0.329695
28,56,0.329533,0.329651,0.329546,0.329679
29,58,0.329533,0.329651,0.329546,0.329664
30,60,0.329533,0.329651,0.329546,0.329648
31,62,0.329533,0.329651,0.329546,0.329633
32,64,0.329533,0.329651,0.329546,0.329619
33,66,0.333673,0.333509,0.334777,0.309944
34,68,0.342505,0.342347,0.343037,0.298951
35,70,0.343141,0.342979,0.343627,0.30287
36,72,0.343166,0.343006,0.343649,0.305898
37,74,0.343166,0.343006,0.34365,0.30879
38,76,0.343166,0.343006,0.34365,0.31156
39,78,0.343166,0.343006,0.34365,0.314205
40,80,0.343166,0.343006,0.34365,0.316727
41,82,0.343166,0.343006,0.34365,0.319124
42,84,0.343166,0.343006,0.34365,0.321398
43,86,0.343166,0.343006,0.34365,0.323549
44,88,0.343166,0.343006,0.34365,0.325578
45,90,0.343166,0.343006,0.34365,0.327485
46,92,0.343166,0.343006,0.34365,0.329273
47,94,0.343166,0.343006,0.34365,0.330943
48,96,0.343166,0.343006,0.34365,0.332497
49,98,0.343166,0.343006,0.34365,0.333937
50,100,0.343166,0.343006,0.34365,0.335266
51,102,0.343166,0.343006,0.34365,0.336485
52,104,0.343166,0.343006,0.34365,0.337599
53,106,0.343166,0.343006,0.34365,0.33861
54,108,0.343166,0.343006,0.34365,0.339521
55,110,0.343166,0.343006,0.34365,0.340336
56,112,0.343166,0.343006,0.34365,0.341059
57,114,0.343166,0.343006,0.34365,0.341695
58,116,0.343166,0.343006,0.34365,0.342247
59,118,0.343166,0.343006,0.34365,0.342719
60,120,0.343166,0.343006,0.34365,0.343117
61,122,0.343166,0.343006,0.34365,0.343445
62,124,0.343166,0.343006,0.34365,0.343708
63,126,0.343166,0.343006,0.34365,0.343911
64,128,0.343166,0.343006,0.34365,0.34406
65,130,0.343166,0.343006,0.202593,0.343973
66,132,0.343166,0.343006,0.156279,0.344587
67,134,0.343166,0.343006,0.157496,0.346099
68,136,0.343166,0.343006,0.157385,0.334234
69,138,0.343166,0.343006,0.157395,0.308713
70,140,0.343166,0.343006,0.157394,0.269531
71,142,0.343166,0.343006,0.178823,0.184527
72,144,0.343166,0.343006,0.179529,0.128785
73,146,0.343166,0.343006,0.179433,0.0873991
74,148,0.343166,0.343006,0.179443,0.0872737
75,150,0.343166,0.343006,0.15788,0.105649
76,152,0.343166,0.343006,0.157325,0.156798
77,154,0.343166,0.343006,0.157402,0.209848
78,156,0.343166,0.343006,0.178822,0.267483
79,158,0.343166,0.343006,0.179529,0.301344
80,160,0.343166,0.343006,0.179433,0.322988
81,162,0.343166,0.343006,0.179443,0.334942
82,164,0.343166,0.343006,0.179442,0.339539
83,166,0.343166,0.343006,0.179442,0.340588
84,168,0.343166,0.343006,0.15788,0.341842
85,170,0.343166,0.343006,0.157325,0.345061
86,172,0.343166,0.343006,0.157402,0.348048
87,174,0.343166,0.343006,0.157393,0.345425
88,176,0.343166,0.343006,0.157394,0.331938
89,178,0.343166,0.343006,0.157394,0.304747
90,180,0.343166,0.343006,0.157394,0.264065
91,182,0.343166,0.343006,0.157394,0.212677
92,184,0.343166,0.343006,0.157394,0.155662
93,186,0.343166,0.343006,0.157394,0.102969
94,188,0.343166,0.343006,0.178823,0.0858951
95,190,0.343166,0.343006,0.179529,0.0894229
96,192,0.343166,0.343006,0.179433,0.131276
97,194,0.343166,0.343006,0.179443,0.182352
98,196,0.343166,0.343006,0.179442,0.230786
99,198,0.343166,0.343006,0.179442,0.271895
100,200,0.343166,0.343006,0.179442,0.303328
101,202,0.343166,0.343006,0.179442,0.324266
102,204,0.343166,0.343006,0.179442,0.335529
103,206,0.343166,0.343006,0.179442,0.339696
104,208,0.343166,0.343006,0.15788,0.339183
105,210,0.343166,0.343006,0.178734,0.342621
106,212,0.343166,0.343006,0.179539,0.345274
107,214,0.343166,0.343006,0.179432,0.347905
108,216,0.343166,0.343006,0.179443,0.345698
109,218,0.343166,0.343006,0.179442,0.333999
110,220,0.343166,0.343006,0.179442,0.310134
111,222,0.343166,0.343006,0.179442,0.273919
112,224,0.343166,0.343006,0.179442,0.227333
113,226,0.343166,0.343006,0.15788,0.0971937
114,228,0.343166,0.343006,0.157325,0.0820603
115,230,0.343166,0.343006,0.157402,0.116865
116,232,0.343166,0.343006,0.157393,0.169661
117,234,0.343166,0.343006,0.157394,0.221701
118,236,0.343166,0.343006,0.157394,0.266376
119,238,0.343166,0.343006,0.157394,0.300629
120,240,0.343166,0.343006,0.157394,0.323324
121,242,0.343166,0.343006,0.157394,0.335298
122,244,0.343166,0.343006,0.157394,0.339528
123,246,0.343166,0.343006,0.157394,0.340521
124,248,0.343166,0.343006,0.157394,0.342345
125,250,0.343166,0.343006,0.157394,0.345961
126,252,0.343166,0.343006,0.157394,0.348153
127,254,0.343166,0.343006,0.157394,0.343361
128,256,0.343166,0.343006,0.157394,0.32676
129,258,0.212124,0.212848,0.295102,0.319644
130,260,0.183957,0.187062,0.329328,0.329802
131,262,0.187623,0.190507,0.329212,0.330549
132,264,0.187258,0.190143,0.329162,0.330572
133,266,0.187292,0.190181,0.329163,0.330542
134,268,0.187289,0.190177,0.329163,0.330472
135,270,0.187289,0.190177,0.329163,0.330358
136,272,0.187289,0.190177,0.329163,0.330201
137,274,0.187289,0.190177,0.329163,0.330006
138,276,0.187289,0.190177,0.329163,0.329788
139,278,0.187289,0.190177,0.329163,0.329572
140,280,0.187289,0.190177,0.329163,0.329388
141,282,0.187289,0.190177,0.329163,0.329262
142,284,0.187289,0.190177,0.329146,0.329554
143,286,0.187289,0.190177,0.329153,0.329578
144,288,0.187289,0.190177,0.329234,0.329987
145,290,0.187289,0.190177,0.329235,0.330194
146,292,0.187289,0.190177,0.329235,0.33035
147,294,0.187289,0.190177,0.329235,0.330463
148,296,0.187289,0.190177,0.329235,0.330533
149,298,0.187289,0.190177,0.329235,0.330564
150,300,0.187289,0.190177,0.329235,0.330557
